label,class_id,temperature,humidity,tvoc_ppb,eco2_ppm
Normal,0,22.7,40.7,0,400
Normal,0,22.7,39.1,0,400
Normal,0,22.7,39.0,0,400
Normal,0,22.7,39.0,0,400
Normal,0,22.7,39.0,0,400
Normal,0,22.6,38.9,0,400
Normal,0,22.7,38.9,0,400
Normal,0,22.7,38.9,0,400
Normal,0,22.7,38.8,2,400
Normal,0,22.7,38.6,0,400
Normal,0,22.7,38.5,0,400
Normal,0,22.7,38.3,3,408
Normal,0,22.7,38.3,1,408
Normal,0,22.7,38.3,0,403
Cooking,1,22.7,38.3,0,403
Cooking,1,22.6,38.2,10,412
Cooking,1,22.7,38.3,0,400
Cooking,1,22.7,38.3,0,401
Cooking,1,22.7,38.3,0,404
Cooking,1,22.7,38.2,0,410
Cooking,1,22.7,38.2,0,403
Cooking,1,22.7,38.1,1,403
Cooking,1,22.7,38.1,0,400
Cooking,1,22.6,38.0,2,400
Cooking,1,22.7,38.0,0,400
Cooking,1,22.6,37.9,5,419
Cooking,1,22.6,37.9,2,418
Cooking,1,22.6,37.8,3,408
Cooking,1,22.6,37.8,4,411
Cooking,1,22.6,37.8,3,419
Cooking,1,22.6,37.8,0,412
Cooking,1,22.6,37.8,6,418
Cooking,1,22.6,37.9,5,415
Cooking,1,22.6,37.9,2,417
Cooking,1,22.6,37.9,0,407
Cooking,1,22.6,37.9,5,418
Cooking,1,22.6,37.9,0,415
Cooking,1,22.6,37.9,9,418
Cooking,1,22.6,37.9,8,413
Cooking,1,22.6,37.9,7,412
Cooking,1,22.6,38.0,8,412
Cooking,1,22.6,38.0,7,413
Cooking,1,22.6,38.0,13,417
Cooking,1,22.6,38.0,6,415
Cooking,1,22.6,38.0,1,408
Cooking,1,22.6,38.0,7,411
Cooking,1,22.6,38.0,16,420
Cooking,1,22.6,38.0,13,413
Cooking,1,22.6,38.0,13,413
Cooking,1,22.6,38.0,12,411
Cooking,1,22.6,38.0,14,414
Cooking,1,22.6,38.0,13,415
Cooking,1,22.6,38.0,18,418
Cooking,1,22.6,38.0,17,420
Cooking,1,22.6,38.0,16,418
Cooking,1,22.6,38.0,14,417
Cooking,1,22.6,38.0,17,421
Cooking,1,22.6,38.0,15,420
Cooking,1,22.6,38.0,12,420
Cooking,1,22.6,38.0,22,430
Cooking,1,22.6,38.0,16,426
Cooking,1,22.6,38.0,22,422
Cooking,1,22.6,38.0,22,426
Cooking,1,22.6,38.0,15,425
Cooking,1,22.6,38.0,24,431
Cooking,1,22.6,38.0,22,429
Cooking,1,22.6,38.0,28,434
Cooking,1,22.6,38.0,28,422
Cooking,1,22.6,38.0,22,422
Cooking,1,22.6,38.0,22,423
Cooking,1,22.6,38.0,24,424
Cooking,1,22.7,38.0,23,419
Cooking,1,22.6,38.0,30,426
Cooking,1,22.6,38.0,24,422
Cooking,1,22.6,38.0,25,422
Cooking,1,22.6,38.0,27,429
Cooking,1,22.6,38.0,24,426
Cooking,1,22.6,38.0,25,421
Cooking,1,22.6,38.0,26,418
Cooking,1,22.6,38.0,24,412
Cooking,1,22.6,38.0,24,419
Cooking,1,22.6,38.0,22,422
Cooking,1,22.6,38.0,27,422
Cooking,1,22.6,38.0,29,428
Cooking,1,22.6,38.1,26,420
Cooking,1,22.6,38.1,27,422
Cooking,1,22.6,38.1,22,415
Cooking,1,22.6,38.1,23,415
Cooking,1,22.6,38.1,27,427
Cooking,1,22.6,38.1,25,413
Cooking,1,22.6,38.1,25,408
Cooking,1,22.6,38.0,26,417
Cooking,1,22.6,38.0,22,415
Cooking,1,22.6,38.0,22,412
Cooking,1,22.6,38.0,25,408
Cooking,1,22.6,38.0,20,405
Cooking,1,22.6,38.0,16,407
Cooking,1,22.6,38.0,21,409
Cooking,1,22.6,38.0,25,411
Cooking,1,22.6,38.0,24,415
Cooking,1,22.6,38.1,24,415
Cooking,1,22.6,38.1,24,417
Cooking,1,22.6,38.1,24,415
Cooking,1,22.6,38.2,23,422
Cooking,1,22.6,38.2,25,425
Cooking,1,22.6,38.2,24,420
Cooking,1,22.6,38.2,34,429
Cooking,1,22.6,38.2,30,428
Cooking,1,22.6,38.2,30,427
Cooking,1,22.6,38.3,35,424
Cooking,1,22.6,38.3,34,429
Cooking,1,22.6,38.3,36,426
Cooking,1,22.6,38.3,33,426
Cooking,1,22.6,38.3,35,426
Cooking,1,22.6,38.3,37,425
Cooking,1,22.6,38.3,36,421
Cooking,1,22.6,38.3,36,422
Cooking,1,22.6,38.3,36,421
Cooking,1,22.6,38.3,34,414
Cooking,1,22.6,38.3,37,428
Cooking,1,22.6,38.3,34,423
Cooking,1,22.6,38.2,36,422
Cooking,1,22.6,38.2,36,424
Cooking,1,22.6,38.2,39,426
Cooking,1,22.6,38.2,32,423
Cooking,1,22.6,38.3,38,422
Cooking,1,22.6,38.3,35,430
Cooking,1,22.6,38.3,40,430
Cooking,1,22.6,38.3,36,425
Cooking,1,22.6,38.3,40,435
Cooking,1,22.6,38.3,43,432
Cooking,1,22.6,38.3,38,434
Cooking,1,22.6,38.3,41,440
Cooking,1,22.6,38.3,45,434
Cooking,1,22.6,38.3,43,433
Cooking,1,22.6,38.3,43,425
Cooking,1,22.6,38.4,44,432
Cooking,1,22.6,38.3,46,424
Cooking,1,22.6,38.3,40,422
Cooking,1,22.6,38.3,47,428
Cooking,1,22.6,38.3,42,427
Cooking,1,22.6,38.3,45,423
Cooking,1,22.6,38.3,47,436
Cooking,1,22.6,38.3,45,434
Cooking,1,22.6,38.3,45,440
Cooking,1,22.6,38.4,39,425
Cooking,1,22.6,38.4,43,436
Cooking,1,22.6,38.4,51,445
Cooking,1,22.6,38.4,51,442
Cooking,1,22.6,38.4,53,438
Cooking,1,22.6,38.4,48,434
Cooking,1,22.6,38.4,45,425
Cooking,1,22.6,38.4,46,425
Cooking,1,22.6,38.3,48,420
Cooking,1,22.6,38.3,54,424
Cooking,1,22.6,38.3,49,421
Cooking,1,22.6,38.3,50,431
Cooking,1,22.6,38.2,52,439
Cooking,1,22.6,38.2,51,432
Cooking,1,22.6,38.2,51,431
Cooking,1,22.6,38.2,46,432
Cooking,1,22.6,38.2,54,432
Cooking,1,22.6,38.2,48,432
Cooking,1,22.6,38.3,49,436
Cooking,1,22.6,38.3,56,445
Cooking,1,22.6,38.3,51,433
Cooking,1,22.6,38.3,50,433
Cooking,1,22.6,38.3,60,435
Cooking,1,22.6,38.3,50,434
Cooking,1,22.6,38.3,56,433
Cooking,1,22.6,38.3,58,433
Cooking,1,22.6,38.3,50,431
Cooking,1,22.6,38.3,48,428
Cooking,1,22.6,38.3,51,424
Cooking,1,22.6,38.3,53,419
Cooking,1,22.6,38.3,48,427
Cooking,1,22.6,38.3,52,439
Cooking,1,22.6,38.3,57,432
Cooking,1,22.6,38.3,55,432
Cooking,1,22.6,38.3,56,431
Cooking,1,22.6,38.3,54,417
Cooking,1,22.6,38.3,51,428
Cooking,1,22.6,38.3,49,421
Cooking,1,22.6,38.3,50,423
Cooking,1,22.6,38.3,49,424
Cooking,1,22.6,38.3,45,414
Cooking,1,22.6,38.3,48,418
Cooking,1,22.6,38.3,47,429
Cooking,1,22.6,38.3,52,432
Cooking,1,22.6,38.3,47,428
Cooking,1,22.6,38.3,48,425
Cooking,1,22.6,38.3,54,421
Cooking,1,22.6,38.3,48,420
Cooking,1,22.6,38.3,50,420
Cooking,1,22.6,38.4,44,415
Cooking,1,22.6,38.3,44,415
Cooking,1,22.6,38.4,42,420
Cooking,1,22.6,38.4,49,425
Cooking,1,22.6,38.4,51,422
Cooking,1,22.6,38.4,45,422
Cooking,1,22.6,38.4,50,421
Cooking,1,22.6,38.4,50,426
Cooking,1,22.6,38.4,49,419
Cooking,1,22.6,38.4,45,420
Cooking,1,22.6,38.5,48,426
Cooking,1,22.6,38.5,50,426
Cooking,1,22.6,38.5,45,432
Cooking,1,22.6,38.5,50,427
Cooking,1,22.6,38.5,57,428
Cooking,1,22.6,38.5,49,425
Cooking,1,22.6,38.5,56,428
Cooking,1,22.6,38.5,53,432
Cooking,1,22.6,38.5,61,434
Cooking,1,22.6,38.5,52,438
Cooking,1,22.6,38.5,52,428
Cooking,1,22.6,38.5,56,426
Cooking,1,22.6,38.5,54,430
Cooking,1,22.6,38.5,60,441
Cooking,1,22.6,38.5,60,435
Cooking,1,22.6,38.5,57,433
Cooking,1,22.6,38.5,59,432
Cooking,1,22.6,38.5,59,427
Cooking,1,22.6,38.5,60,426
Cooking,1,22.6,38.4,61,432
Cooking,1,22.6,38.4,56,427
Cooking,1,22.6,38.4,61,432
Cooking,1,22.7,38.5,64,433
Cooking,1,22.7,38.5,60,443
Cooking,1,22.6,38.5,60,440
Cooking,1,22.6,38.4,68,436
Cooking,1,22.6,38.4,69,442
Cooking,1,22.6,38.4,66,446
Cooking,1,22.6,38.4,67,450
Cooking,1,22.7,38.5,66,438
Cooking,1,22.7,38.5,66,437
Cooking,1,22.7,38.5,69,444
Cooking,1,22.6,38.4,68,435
Cooking,1,22.6,38.4,70,446
Cooking,1,22.6,38.4,65,436
Cooking,1,22.7,38.5,69,430
Cooking,1,22.7,38.5,75,436
Cooking,1,22.7,38.5,75,441
Cooking,1,22.7,38.5,69,436
Cooking,1,22.7,38.5,73,435
Cooking,1,22.7,38.4,75,444
Cooking,1,22.7,38.4,79,441
Cooking,1,22.7,38.4,73,433
Cooking,1,22.7,38.4,71,442
Cooking,1,22.7,38.4,74,439
Cooking,1,22.7,38.4,73,440
Cooking,1,22.7,38.4,79,444
Cooking,1,22.7,38.4,76,436
Cooking,1,22.7,38.4,75,446
Cooking,1,22.7,38.4,74,436
Cooking,1,22.7,38.4,76,448
Cooking,1,22.7,38.4,80,444
Cooking,1,22.7,38.4,76,437
Cooking,1,22.7,38.4,78,440
Cooking,1,22.7,38.4,76,443
Cooking,1,22.7,38.4,84,440
Cooking,1,22.7,38.4,77,445
Cooking,1,22.7,38.4,80,452
Cooking,1,22.7,38.4,82,448
Cooking,1,22.7,38.4,81,451
Cooking,1,22.7,38.4,86,451
Cooking,1,22.7,38.4,84,451
Cooking,1,22.7,38.4,87,452
Cooking,1,22.7,38.5,83,451
Cooking,1,22.7,38.5,84,456
Cooking,1,22.7,38.5,83,453
Cooking,1,22.7,38.5,91,456
Cooking,1,22.7,38.5,90,452
Cooking,1,22.7,38.5,85,458
Cooking,1,22.7,38.5,91,459
Cooking,1,22.7,38.5,88,460
Cooking,1,22.7,38.5,94,465
Cooking,1,22.7,38.5,92,463
Cooking,1,22.7,38.5,97,460
Cooking,1,22.7,38.5,98,462
Cooking,1,22.7,38.5,102,457
Cooking,1,22.7,38.5,94,447
Cooking,1,22.7,38.5,98,445
Cooking,1,22.7,38.5,97,448
Cooking,1,22.7,38.4,96,455
Cooking,1,22.7,38.5,90,452
Cooking,1,22.7,38.5,94,455
Cooking,1,22.7,38.5,96,452
Cooking,1,22.7,38.5,96,456
Cooking,1,22.7,38.5,95,448
Cooking,1,22.7,38.5,99,458
Cooking,1,22.7,38.5,98,453
Cooking,1,22.7,38.5,100,459
Cooking,1,22.7,38.5,97,453
Cooking,1,22.7,38.5,103,456
Cooking,1,22.7,38.5,96,461
Cooking,1,22.7,38.5,95,450
Cooking,1,22.7,38.5,100,460
Cooking,1,22.7,38.5,101,459
Cooking,1,22.7,38.5,104,459
Cooking,1,22.7,38.5,102,453
Cooking,1,22.7,38.5,103,453
Cooking,1,22.7,38.5,104,454
Cooking,1,22.7,38.5,104,456
Cooking,1,22.7,38.5,103,462
Cooking,1,22.7,38.5,106,465
Cooking,1,22.7,38.5,102,452
Cooking,1,22.7,38.5,103,460
Cooking,1,22.7,38.5,107,463
Cooking,1,22.7,38.5,104,461
Cooking,1,22.7,38.5,105,464
Cooking,1,22.7,38.5,100,453
Cooking,1,22.7,38.5,107,463
Cooking,1,22.7,38.5,98,450
Cooking,1,22.7,38.5,100,460
Cooking,1,22.7,38.5,108,464
Cooking,1,22.7,38.4,111,471
Cooking,1,22.7,38.4,107,462
Cooking,1,22.7,38.5,107,461
Cooking,1,22.7,38.5,110,469
Cooking,1,22.7,38.5,114,475
Cooking,1,22.7,38.4,113,475
Cooking,1,22.7,38.4,109,466
Cooking,1,22.7,38.4,108,467
Cooking,1,22.7,38.4,113,469
Cooking,1,22.8,38.5,108,466
Cooking,1,22.8,38.5,109,460
Cooking,1,22.8,38.5,113,458
Cooking,1,22.7,38.4,109,462
Cooking,1,22.8,38.5,105,461
Cooking,1,22.7,38.4,114,466
Cooking,1,22.7,38.4,113,460
Cooking,1,22.7,38.4,113,462
Cooking,1,22.7,38.4,113,464
Cooking,1,22.7,38.4,112,459
Cooking,1,22.8,38.5,111,457
Cooking,1,22.8,38.5,115,469
Cooking,1,22.8,38.5,113,462
Cooking,1,22.8,38.5,116,463
Cooking,1,22.8,38.5,115,460
Cooking,1,22.8,38.5,111,458
Cooking,1,22.8,38.5,115,452
Cooking,1,22.8,38.5,113,461
Cooking,1,22.7,38.4,117,463
Cooking,1,22.8,38.4,112,462
Cooking,1,22.8,38.4,115,460
Cooking,1,22.8,38.4,115,464
Cooking,1,22.8,38.4,118,457
Cooking,1,22.8,38.4,116,463
Cooking,1,22.8,38.4,111,461
Cooking,1,22.8,38.4,116,465
Cooking,1,22.8,38.4,114,463
Cooking,1,22.8,38.4,118,466
Cooking,1,22.8,38.4,118,463
Cooking,1,22.8,38.4,116,465
Cooking,1,22.8,38.4,116,468
Cooking,1,22.8,38.4,124,466
Cooking,1,22.8,38.4,124,468
Cooking,1,22.8,38.4,119,457
Cooking,1,22.8,38.4,121,473
Cooking,1,22.8,38.4,122,467
Cooking,1,22.8,38.4,122,467
Cooking,1,22.8,38.4,127,467
Cooking,1,22.8,38.4,118,460
Cooking,1,22.8,38.4,124,463
Cooking,1,22.8,38.4,127,466
Cooking,1,22.8,38.4,127,465
Cooking,1,22.8,38.4,125,461
Cooking,1,22.8,38.4,119,471
Cooking,1,22.8,38.4,127,467
Cooking,1,22.8,38.4,129,468
Cooking,1,22.8,38.3,128,473
Cooking,1,22.8,38.3,129,477
Cooking,1,22.8,38.3,133,472
Cooking,1,22.8,38.3,131,474
Cooking,1,22.8,38.3,127,477
Cooking,1,22.8,38.3,130,479
Cooking,1,22.8,38.3,134,478
Cooking,1,22.8,38.3,135,474
Cooking,1,22.8,38.4,133,476
Cooking,1,22.8,38.4,130,478
Cooking,1,22.8,38.4,129,476
Cooking,1,22.8,38.4,136,480
Cooking,1,22.8,38.4,135,477
Cooking,1,22.8,38.4,137,462
Cooking,1,22.8,38.4,132,464
Cooking,1,22.8,38.4,136,469
Cooking,1,22.8,38.4,134,466
Cooking,1,22.8,38.4,133,475
Cooking,1,22.8,38.4,130,476
Cooking,1,22.8,38.4,130,469
Cooking,1,22.9,38.5,131,470
Cooking,1,22.8,38.5,133,476
Cooking,1,22.8,38.5,135,481
Cooking,1,22.8,38.4,139,478
Cooking,1,22.8,38.4,133,473
Cooking,1,22.8,38.4,133,472
Cooking,1,22.8,38.4,135,470
Cooking,1,22.8,38.4,136,470
Cooking,1,22.8,38.4,139,481
Cooking,1,22.8,38.3,137,482
Cooking,1,22.8,38.3,138,472
Cooking,1,22.8,38.3,141,476
Cooking,1,22.8,38.4,140,472
Cooking,1,22.8,38.4,142,478
Cooking,1,22.8,38.4,141,470
Cooking,1,22.8,38.4,138,477
Cooking,1,22.8,38.4,138,474
Cooking,1,22.8,38.4,142,466
Cooking,1,22.8,38.4,141,471
Cooking,1,22.8,38.4,139,471
Cooking,1,22.8,38.4,139,469
Cooking,1,22.8,38.4,133,469
Cooking,1,22.8,38.4,135,467
Cooking,1,22.9,38.4,138,482
Cooking,1,22.8,38.4,138,480
Cooking,1,22.8,38.4,141,477
Cooking,1,22.9,38.4,140,471
Cooking,1,22.8,38.4,138,473
Cooking,1,22.9,38.4,141,472
Cooking,1,22.8,38.4,138,471
Cooking,1,22.9,38.5,135,472
Cooking,1,22.8,38.4,141,469
Cooking,1,22.8,38.4,136,473
Cooking,1,22.8,38.5,138,475
Cooking,1,22.9,38.5,137,470
Cooking,1,22.8,38.5,141,487
Cooking,1,22.8,38.5,137,476
Cooking,1,22.8,38.5,144,471
Cooking,1,22.8,38.4,141,474
Cooking,1,22.8,38.4,138,472
Cooking,1,22.8,38.4,143,470
Cooking,1,22.9,38.5,141,464
Cooking,1,22.8,38.4,144,478
Cooking,1,22.9,38.5,140,470
Cooking,1,22.9,38.5,142,475
Cooking,1,22.9,38.4,140,463
Cooking,1,22.9,38.4,140,470
Cooking,1,22.9,38.4,143,470
Cooking,1,22.8,38.3,134,468
Cooking,1,22.8,38.3,139,464
Cooking,1,22.9,38.4,143,472
Cooking,1,22.8,38.3,144,478
Cooking,1,22.9,38.4,136,464
Cooking,1,22.8,38.3,137,466
Cooking,1,22.8,38.3,136,467
Cooking,1,22.9,38.4,140,468
Cooking,1,22.9,38.4,134,464
Cooking,1,22.9,38.4,136,467
Cooking,1,22.8,38.4,137,464
Cooking,1,22.8,38.4,136,467
Cooking,1,22.9,38.5,132,470
Cooking,1,22.8,38.4,141,471
Cooking,1,22.8,38.5,144,471
Cooking,1,22.8,38.5,142,466
Cooking,1,22.8,38.5,140,466
Cooking,1,22.8,38.5,146,467
Cooking,1,22.8,38.5,145,473
Cooking,1,22.8,38.5,144,468
Cooking,1,22.8,38.5,143,464
Cooking,1,22.8,38.5,144,474
Cooking,1,22.8,38.5,144,473
Cooking,1,22.8,38.5,145,480
Cooking,1,22.8,38.5,145,481
Cooking,1,22.9,38.5,141,466
Cooking,1,22.8,38.5,145,467
Cooking,1,22.8,38.5,143,468
Cooking,1,22.8,38.5,146,471
Cooking,1,22.8,38.5,142,468
Cooking,1,22.9,38.5,145,472
Cooking,1,22.8,38.5,142,473
Cooking,1,22.8,38.4,147,475
Cooking,1,22.9,38.5,144,467
Cooking,1,22.8,38.5,153,472
Cooking,1,22.9,38.5,143,464
Cooking,1,22.8,38.5,145,467
Cooking,1,22.8,38.5,146,465
Cooking,1,22.8,38.4,145,467
Cooking,1,22.8,38.4,150,466
Cooking,1,22.8,38.4,140,460
Cooking,1,22.8,38.4,147,474
Cooking,1,22.8,38.5,142,468
Cooking,1,22.8,38.5,145,466
Cooking,1,22.8,38.5,146,469
Cooking,1,22.8,38.5,147,460
Cooking,1,22.8,38.5,145,467
Cooking,1,22.8,38.5,150,467
Cooking,1,22.8,38.5,143,464
Cooking,1,22.8,38.5,143,462
Cooking,1,22.8,38.5,143,468
Cooking,1,22.8,38.5,149,461
Cooking,1,22.8,38.5,142,457
Cooking,1,22.8,38.5,143,455
Cooking,1,22.8,38.5,146,463
Cooking,1,22.8,38.5,142,459
Cooking,1,22.8,38.5,144,455
Cooking,1,22.8,38.5,141,461
Cooking,1,22.9,38.5,142,460
Cooking,1,22.9,38.5,142,456
Cooking,1,22.9,38.5,146,466
Cooking,1,22.9,38.5,143,457
Cooking,1,22.9,38.5,149,458
Cooking,1,22.9,38.5,148,457
Cooking,1,22.8,38.4,149,461
Cooking,1,22.9,38.5,146,459
Cooking,1,22.9,38.5,147,456
Cooking,1,22.9,38.5,140,455
Cooking,1,22.9,38.4,144,460
Cooking,1,22.9,38.4,141,457
Cooking,1,22.9,38.4,147,466
Cooking,1,22.9,38.4,146,462
Cooking,1,22.8,38.4,140,462
Cooking,1,22.9,38.4,153,469
Cooking,1,22.9,38.5,150,467
Cooking,1,22.9,38.5,148,461
Cooking,1,22.9,38.5,149,465
Cooking,1,22.8,38.5,151,459
Cooking,1,22.9,38.6,148,458
Cooking,1,22.9,38.6,142,457
Cooking,1,22.8,38.5,149,455
Cooking,1,22.8,38.5,147,454
Cooking,1,22.8,38.5,146,454
Cooking,1,22.9,38.5,147,457
Cooking,1,22.8,38.5,148,458
Cooking,1,22.8,38.5,149,451
Cooking,1,22.9,38.5,149,455
Cooking,1,22.8,38.5,148,460
Cooking,1,22.8,38.5,143,456
Cooking,1,22.8,38.5,146,451
Cooking,1,22.9,38.5,145,449
Cooking,1,22.9,38.5,146,455
Cooking,1,22.9,38.5,140,458
Cooking,1,22.9,38.5,141,461
Cooking,1,22.9,38.5,144,455
Cooking,1,22.9,38.5,139,455
Cooking,1,22.8,38.5,148,458
Cooking,1,22.9,38.5,140,455
Cooking,1,22.8,38.5,142,455
Cooking,1,22.9,38.5,147,455
Cooking,1,22.8,38.5,147,460
Cooking,1,22.9,38.5,143,456
Cooking,1,22.9,38.5,148,460
Cooking,1,22.9,38.5,149,462
Cooking,1,22.9,38.5,147,463
Cooking,1,22.9,38.5,150,460
Cooking,1,22.9,38.5,147,460
Cooking,1,22.9,38.5,146,458
Cooking,1,22.9,38.5,142,449
Cooking,1,22.9,38.5,146,454
Cooking,1,22.9,38.5,146,446
Cooking,1,22.9,38.5,144,460
Cooking,1,22.9,38.5,154,467
Cooking,1,22.9,38.5,147,456
Cooking,1,22.9,38.5,147,460
Cooking,1,22.9,38.5,147,455
Cooking,1,22.8,38.5,146,457
Cooking,1,22.9,38.5,142,445
Cooking,1,22.9,38.5,143,453
Cooking,1,22.9,38.5,148,454
Cooking,1,22.8,38.5,144,457
Cooking,1,22.9,38.6,146,458
Cooking,1,22.9,38.6,145,456
Cooking,1,22.8,38.5,143,452
Cooking,1,22.9,38.6,145,455
Cooking,1,22.9,38.6,147,459
Cooking,1,22.8,38.5,145,456
Cooking,1,22.9,38.6,143,458
Cooking,1,22.9,38.6,144,456
Cooking,1,22.9,38.6,145,462
Cooking,1,22.9,38.7,146,464
Cooking,1,22.9,38.7,149,468
Cooking,1,22.8,38.7,144,466
Cooking,1,22.9,38.8,151,465
Cooking,1,22.9,38.8,148,460
Cooking,1,22.8,38.7,148,457
Cooking,1,22.8,38.7,150,457
Cooking,1,22.9,38.7,149,456
Cooking,1,22.9,38.6,158,463
Cooking,1,22.9,38.6,151,456
Cooking,1,22.9,38.6,145,446
Cooking,1,22.9,38.5,148,450
Cooking,1,22.9,38.5,151,462
Cooking,1,22.9,38.5,153,457
Cooking,1,22.9,38.5,155,461
Cooking,1,22.9,38.5,156,459
Cooking,1,22.9,38.5,154,461
Cooking,1,22.9,38.5,155,459
Cooking,1,22.9,38.5,158,464
Cooking,1,22.9,38.5,153,453
Cooking,1,22.9,38.5,156,465
Cooking,1,22.9,38.5,164,472
Cooking,1,22.9,38.5,158,457
Cooking,1,22.9,38.5,154,454
Cooking,1,22.9,38.5,153,451
Cooking,1,22.9,38.5,155,449
Cooking,1,22.9,38.4,153,455
Cooking,1,22.9,38.4,149,455
Cooking,1,22.9,38.4,152,455
Cooking,1,22.9,38.4,153,460
Cooking,1,22.9,38.4,158,464
Cooking,1,22.9,38.5,153,476
Cooking,1,22.9,38.6,157,481
Cooking,1,22.9,38.7,158,486
Cooking,1,22.9,38.8,160,482
Cooking,1,22.9,38.9,162,486
Cooking,1,22.9,39.0,154,489
Cooking,1,22.9,39.1,158,495
Cooking,1,22.9,39.1,159,489
Cooking,1,22.9,39.2,167,486
Cooking,1,22.9,39.2,160,488
Cooking,1,22.9,39.3,165,490
Cooking,1,22.9,39.4,167,497
Cooking,1,22.9,39.5,157,484
Cooking,1,22.9,39.5,164,486
Cooking,1,22.9,39.5,163,482
Cooking,1,22.9,39.5,161,476
Cooking,1,22.9,39.5,163,487
Cooking,1,22.9,39.5,162,475
Cooking,1,22.9,39.4,165,488
Cooking,1,22.9,39.4,159,479
Cooking,1,22.9,39.3,158,486
Cooking,1,22.9,39.3,163,484
Cooking,1,22.9,39.2,168,483
Cooking,1,22.9,39.2,169,490
Cooking,1,22.9,39.2,169,492
Cooking,1,22.9,39.3,167,497
Cooking,1,22.9,39.5,172,502
Cooking,1,22.9,39.6,170,500
Cooking,1,22.9,39.7,169,497
Cooking,1,22.9,39.7,176,502
Cooking,1,22.9,39.7,175,504
Cooking,1,22.9,39.7,172,494
Cooking,1,22.9,39.8,174,496
Cooking,1,22.8,39.7,171,491
Cooking,1,22.9,39.8,170,485
Cooking,1,22.9,39.7,173,491
Cooking,1,22.8,39.6,174,494
Cooking,1,22.8,39.6,171,498
Cooking,1,22.9,39.6,170,485
Cooking,1,22.9,39.6,177,493
Cooking,1,22.8,39.5,174,495
Cooking,1,22.8,39.6,171,490
Cooking,1,22.8,39.6,174,489
Cooking,1,22.8,39.6,175,489
Cooking,1,22.9,39.6,176,490
Cooking,1,22.8,39.5,178,494
Cooking,1,22.8,39.5,180,495
Cooking,1,22.8,39.5,174,478
Cooking,1,22.8,39.5,180,487
Cooking,1,22.8,39.5,179,487
Cooking,1,22.9,39.5,176,488
Cooking,1,22.8,39.5,177,491
Cooking,1,22.9,39.6,174,490
Cooking,1,22.8,39.5,175,483
Cooking,1,22.9,39.6,173,474
Cooking,1,22.9,39.6,174,469
Cooking,1,22.9,39.6,174,479
Cooking,1,22.8,39.5,174,483
Cooking,1,22.8,39.5,174,489
Cooking,1,22.8,39.5,176,491
Cooking,1,22.9,39.6,173,485
Cooking,1,22.8,39.5,174,489
Cooking,1,22.8,39.6,175,491
Cooking,1,22.8,39.6,172,489
Cooking,1,22.9,39.7,173,482
Cooking,1,22.9,39.7,173,477
Cooking,1,22.9,39.7,170,472
Cooking,1,22.9,39.7,175,474
Cooking,1,22.9,39.7,172,469
Cooking,1,22.9,39.7,169,471
Cooking,1,22.9,39.7,168,484
Cooking,1,22.9,39.7,167,476
Cooking,1,22.9,39.6,173,484
Cooking,1,22.9,39.7,175,476
Cooking,1,22.9,39.7,169,480
Cooking,1,22.9,39.7,168,480
Cooking,1,22.9,39.7,169,489
Cooking,1,22.9,39.8,166,481
Cooking,1,22.9,39.8,172,483
Cooking,1,22.9,39.8,176,477
Cooking,1,22.9,39.8,167,476
Cooking,1,22.9,39.8,177,483
Cooking,1,22.9,39.8,170,474
Cooking,1,22.9,39.8,174,476
Cooking,1,22.9,39.7,169,477
Cooking,1,22.9,39.7,174,476
Cooking,1,22.9,39.7,167,474
Cooking,1,22.9,39.7,167,470
Cooking,1,22.9,39.7,171,466
Cooking,1,22.9,39.6,172,477
Cooking,1,22.9,39.6,172,478
Cooking,1,22.9,39.7,163,479
Cooking,1,22.9,39.7,173,480
Cooking,1,22.9,39.7,170,474
Cooking,1,22.9,39.7,168,461
Cooking,1,22.9,39.7,165,449
Cooking,1,22.9,39.6,167,469
Cooking,1,22.9,39.5,163,458
Cooking,1,22.9,39.4,169,459
Cooking,1,22.9,39.3,165,455
Cooking,1,22.9,39.3,166,458
Cooking,1,22.9,39.2,161,458
Cooking,1,22.9,39.2,166,461
Cooking,1,22.9,39.2,164,464
Cooking,1,23.0,39.2,172,460
Cooking,1,22.9,39.2,167,464
Cooking,1,22.9,39.2,169,469
Cooking,1,22.9,39.2,172,475
Cooking,1,22.9,39.2,172,474
Cooking,1,22.9,39.2,178,475
Cooking,1,22.9,39.2,179,474
Cooking,1,22.9,39.2,177,481
Cooking,1,22.9,39.2,179,478
Cooking,1,22.9,39.2,180,481
Cooking,1,22.9,39.2,182,478
Cooking,1,22.9,39.2,184,485
Cooking,1,22.9,39.2,186,487
Cooking,1,22.9,39.2,191,488
Cooking,1,22.9,39.2,182,492
Cooking,1,22.9,39.2,193,497
Cooking,1,22.9,39.2,196,497
Cooking,1,22.9,39.2,196,501
Cooking,1,22.9,39.2,206,546
Cooking,1,22.9,39.2,227,583
Cooking,1,22.9,39.2,237,573
Cooking,1,22.9,39.2,234,574
Cooking,1,22.9,39.2,243,571
Cooking,1,22.9,39.2,241,551
Cooking,1,22.9,39.2,245,559
Cooking,1,22.9,39.2,242,540
Cooking,1,22.9,39.2,248,540
Cooking,1,22.9,39.2,240,533
Cooking,1,22.9,39.2,245,546
Cooking,1,22.9,39.2,246,567
Cooking,1,22.9,39.2,263,573
Cooking,1,22.9,39.2,259,556
Cooking,1,22.9,39.2,259,546
Cooking,1,22.9,39.2,256,553
Cooking,1,22.9,39.3,273,579
Cooking,1,22.9,39.3,276,589
Cooking,1,22.9,39.3,299,606
Cooking,1,22.9,39.3,309,619
Cooking,1,22.9,39.3,334,640
Cooking,1,22.9,39.3,329,594
Cooking,1,22.9,39.3,325,603
Cooking,1,22.9,39.3,330,578
Cooking,1,22.9,39.3,319,564
Cooking,1,22.9,39.3,311,571
Cooking,1,22.9,39.3,318,568
Cooking,1,22.9,39.3,303,563
Cooking,1,22.9,39.3,302,560
Cooking,1,22.9,39.3,296,560
Cooking,1,22.9,39.3,289,551
Cooking,1,22.9,39.3,309,572
Cooking,1,22.9,39.3,291,565
Cooking,1,22.9,39.3,302,567
Cooking,1,22.9,39.3,301,576
Cooking,1,22.9,39.3,302,575
Cooking,1,22.9,39.3,297,576
Cooking,1,22.9,39.3,319,583
Cooking,1,22.9,39.3,324,592
Cooking,1,22.9,39.3,319,587
Cooking,1,22.9,39.3,312,569
Cooking,1,22.9,39.4,315,572
Cooking,1,22.9,39.4,320,579
Cooking,1,22.9,39.4,313,589
Cooking,1,22.9,39.4,322,602
Cooking,1,22.9,39.4,331,603
Cooking,1,22.9,39.4,340,604
Cooking,1,22.9,39.4,345,596
Cooking,1,22.9,39.4,347,605
Cooking,1,22.9,39.3,357,629
Cooking,1,22.9,39.3,370,632
Cooking,1,22.9,39.3,388,627
Cooking,1,22.9,39.3,390,634
Cooking,1,22.9,39.3,387,634
Cooking,1,22.9,39.3,390,628
Cooking,1,22.9,39.3,397,621
Cooking,1,22.9,39.3,390,619
Cooking,1,22.9,39.3,389,612
Cooking,1,22.9,39.3,390,611
Cooking,1,22.9,39.3,381,610
Cooking,1,22.9,39.4,383,611
Cooking,1,22.9,39.4,391,627
Cooking,1,22.9,39.4,398,629
Cooking,1,22.9,39.4,400,633
Cooking,1,22.9,39.4,406,638
Cooking,1,22.9,39.4,415,648
Cooking,1,22.9,39.4,423,642
Cooking,1,22.9,39.4,430,648
Cooking,1,22.9,39.4,428,648
Cooking,1,22.9,39.4,436,653
Cooking,1,22.9,39.4,428,652
Cooking,1,22.9,39.4,436,657
Cooking,1,22.9,39.4,443,657
Cooking,1,22.9,39.4,442,652
Cooking,1,22.9,39.5,451,656
Cooking,1,22.9,39.5,448,661
Cooking,1,22.9,39.5,445,651
Cooking,1,22.9,39.4,446,645
Cooking,1,22.9,39.4,443,645
Cooking,1,22.9,39.4,440,652
Cooking,1,22.9,39.4,455,672
Cooking,1,22.9,39.4,461,677
Cooking,1,22.9,39.5,460,686
Cooking,1,22.9,39.5,469,700
Cooking,1,22.9,39.5,485,707
Cooking,1,22.9,39.5,489,695
Cooking,1,22.9,39.5,499,701
Cooking,1,22.9,39.5,508,698
Cooking,1,22.9,39.5,508,719
Cooking,1,22.9,39.5,523,715
Cooking,1,22.9,39.5,526,717
Cooking,1,22.9,39.5,519,703
Cooking,1,22.9,39.5,521,700
Cooking,1,22.9,39.5,521,703
Cooking,1,22.9,39.5,524,706
Cooking,1,22.9,39.5,528,714
Cooking,1,22.9,39.5,539,723
Cooking,1,22.9,39.5,541,722
Cooking,1,22.9,39.5,541,713
Cooking,1,22.8,39.5,541,708
Cooking,1,22.9,39.5,534,699
Cooking,1,22.8,39.5,539,724
Cooking,1,22.8,39.5,554,750
Cooking,1,22.8,39.5,564,750
Cooking,1,22.9,39.5,568,761
Cooking,1,22.9,39.5,577,742
Cooking,1,22.9,39.5,588,752
Cooking,1,22.9,39.5,581,748
Cooking,1,22.9,39.5,588,752
Cooking,1,22.9,39.5,616,781
Cooking,1,22.8,39.4,633,798
Cooking,1,22.9,39.5,650,805
Cooking,1,22.9,39.5,668,810
Cooking,1,22.9,39.5,681,832
Cooking,1,22.8,39.5,737,877
Cooking,1,22.8,39.5,769,855
Cooking,1,22.9,39.5,784,842
Cooking,1,22.8,39.5,798,874
Cooking,1,22.9,39.5,813,941
Cooking,1,22.9,39.5,856,909
Cooking,1,22.9,39.5,848,887
Cooking,1,22.8,39.5,863,943
Cooking,1,22.8,39.5,897,991
Cooking,1,22.8,39.5,913,964
Cooking,1,22.9,39.5,928,1003
Cooking,1,22.8,39.5,935,973
Cooking,1,22.8,39.5,953,991
Cooking,1,22.8,39.5,946,984
Cooking,1,22.8,39.5,956,939
Cooking,1,22.8,39.5,930,946
Cooking,1,22.9,39.5,930,936
Cooking,1,22.8,39.5,925,932
Cooking,1,22.8,39.5,942,934
Cooking,1,22.8,39.5,924,953
Cooking,1,22.8,39.5,931,961
Cooking,1,22.9,39.6,939,972
Cooking,1,22.8,39.6,954,1004
Cooking,1,22.8,39.5,973,1003
Cooking,1,22.8,39.5,998,1014
Cooking,1,22.8,39.5,992,1012
Cooking,1,22.8,39.5,983,982
Cooking,1,22.8,39.5,995,985
Cooking,1,22.9,39.6,984,979
Cooking,1,22.8,39.5,982,969
Cooking,1,22.9,39.6,974,983
Cooking,1,22.8,39.6,964,993
Cooking,1,22.8,39.6,1004,1051
Cooking,1,22.8,39.6,1021,1051
Cooking,1,22.8,39.6,1015,1048
Cooking,1,22.8,39.6,1039,1028
Cooking,1,22.8,39.6,1023,1012
Cooking,1,22.8,39.6,1029,1017
Cooking,1,22.8,39.7,1024,1019
Cooking,1,22.9,39.7,1013,1031
Cooking,1,22.8,39.6,995,1003
Cooking,1,22.8,39.6,1031,1020
Cooking,1,22.8,39.6,1004,1005
Cooking,1,22.8,39.6,1010,1035
Cooking,1,22.8,39.6,1052,1071
Cooking,1,22.8,39.6,1050,1111
Cooking,1,22.8,39.6,1067,1089
Cooking,1,22.8,39.6,1051,1067
Cooking,1,22.8,39.6,1043,1026
Cooking,1,22.9,39.7,1037,1068
Cooking,1,22.8,39.6,1047,1061
Cooking,1,22.8,39.6,1046,1061
Cooking,1,22.8,39.6,1069,1080
Cooking,1,22.8,39.6,1071,1102
Cooking,1,22.9,39.7,1074,1129
Cooking,1,22.8,39.6,1097,1128
Cooking,1,22.8,39.6,1114,1119
Cooking,1,22.8,39.6,1101,1135
Cooking,1,22.8,39.6,1115,1167
Cooking,1,22.8,39.6,1127,1200
Cooking,1,22.8,39.6,1145,1217
Cooking,1,22.8,39.6,1164,1226
Cooking,1,22.8,39.6,1171,1307
Cooking,1,22.8,39.6,1243,1459
Cooking,1,22.8,39.6,1321,1543
Cooking,1,22.8,39.6,1319,1485
Cooking,1,22.8,39.5,1349,1422
Cooking,1,22.8,39.5,1335,1401
Cooking,1,22.8,39.5,1365,1389
Cooking,1,22.8,39.5,1328,1387
Cooking,1,22.9,39.6,1353,1421
Cooking,1,22.8,39.6,1335,1385
Cooking,1,22.8,39.6,1327,1388
Cooking,1,22.8,39.6,1319,1386
Cooking,1,22.8,39.6,1337,1376
Cooking,1,22.8,39.6,1320,1330
Cooking,1,22.9,39.7,1289,1322
Cooking,1,22.9,39.7,1300,1333
Cooking,1,22.8,39.7,1301,1352
Cooking,1,22.8,39.7,1325,1428
Cooking,1,22.8,39.7,1372,1502
Cooking,1,22.8,39.7,1471,1568
Cooking,1,22.8,39.7,1512,1554
Cooking,1,22.8,39.7,1522,1514
Cooking,1,22.8,39.7,1469,1471
Cooking,1,22.8,39.7,1473,1487
Cooking,1,22.8,39.7,1450,1470
Cooking,1,22.8,39.7,1418,1388
Cooking,1,22.8,39.7,1406,1360
Cooking,1,22.8,39.7,1367,1444
Cooking,1,22.8,39.8,1674,2276
Cooking,1,22.8,39.8,2263,3606
Cooking,1,22.8,39.8,2856,4749
Cooking,1,22.8,39.8,3845,7804
Cooking,1,22.9,39.8,5596,10757
Cooking,1,22.8,39.8,6373,11041
Cooking,1,22.8,39.8,6809,11140
Cooking,1,22.9,40.0,6834,10769
Cooking,1,22.8,39.9,6935,10809
Cooking,1,22.9,40.0,7055,10908
Cooking,1,22.8,40.0,7745,11690
Cooking,1,22.9,40.0,8072,12166
Cooking,1,22.8,40.0,8061,11383
Cooking,1,22.9,40.0,8094,11215
Cooking,1,22.9,40.0,8252,11209
Cooking,1,22.9,40.0,8162,11151
Cooking,1,22.9,40.0,8173,10879
Cooking,1,22.9,40.0,8027,10844
Cooking,1,22.9,40.0,7971,10728
Cooking,1,22.9,40.0,7937,10676
Cooking,1,22.9,40.0,7126,7659
Cooking,1,22.9,40.0,5947,4209
Cooking,1,22.9,40.0,5029,3483
Cooking,1,22.9,39.9,4628,3399
Cooking,1,22.9,39.8,4412,3355
Cooking,1,22.9,39.7,4106,3274
Cooking,1,22.9,39.6,3976,3193
Cooking,1,22.9,39.5,3810,3080
Cooking,1,22.9,39.5,3830,3338
Cooking,1,22.9,39.5,3916,3718
Cooking,1,22.9,39.4,4041,3743
Cooking,1,22.9,39.5,3860,3395
Cooking,1,22.9,39.5,3730,3309
Cooking,1,22.9,39.5,3800,3768
Cooking,1,22.9,39.5,4437,5001
Cooking,1,22.9,39.5,5415,7809
Cooking,1,22.9,39.5,5972,8412
Cooking,1,22.9,39.6,6187,8145
Cooking,1,22.9,39.7,6022,7340
Cooking,1,22.9,39.7,6072,7219
Cooking,1,22.9,39.6,6087,6877
Cooking,1,22.9,39.6,5500,4553
Cooking,1,22.9,39.6,4808,3871
Cooking,1,22.9,39.6,4532,3576
Cooking,1,22.9,39.5,4106,3409
Cooking,1,22.9,39.5,3991,3390
Cooking,1,22.9,39.4,4021,3571
Cooking,1,22.9,39.4,3921,3655
Cooking,1,22.9,39.4,3986,3613
Cooking,1,22.9,39.4,3941,3505
Cooking,1,22.9,39.4,3840,3453
Cooking,1,22.9,39.4,3785,3468
Cooking,1,22.9,39.4,3775,3549
Cooking,1,22.9,39.4,3785,3608
Cooking,1,22.9,39.4,3795,3664
Cooking,1,22.9,39.4,3885,3834
Cooking,1,22.9,39.4,4006,4008
Cooking,1,22.9,39.4,4046,3981
Cooking,1,23.0,39.4,4086,4283
Fire,2,22.9,39.3,5034,7676
Fire,2,22.9,39.4,5671,7966
Fire,2,22.9,39.4,5520,5719
Fire,2,23.0,39.5,4939,4401
Fire,2,22.9,39.5,4633,4212
Fire,2,22.9,39.5,4537,4337
Fire,2,23.0,39.5,4462,4271
